﻿pos_x,pos_y,rotation,side,designator,mpn,pack,value,mount_type,place
245.618,-36.87,-90.0,top,C1,,C_Disc_D7.0mm_W2.5mm_P5.00mm,20pF,tht,True
234.188,-56.174,-90.0,top,C2,,C_Disc_D7.0mm_W2.5mm_P5.00mm,1µF,tht,True
234.188,-63.794,-90.0,top,C3,,C_Disc_D7.0mm_W2.5mm_P5.00mm,1µF,tht,True
239.644,-52.832,90.0,top,C4,,C_Disc_D7.0mm_W2.5mm_P5.00mm,1µF,tht,True
242.946,-52.792,90.0,top,C5,,C_Disc_D7.0mm_W2.5mm_P5.00mm,1µF,tht,True
117.146,-40.132,90.0,top,C6,,C_Disc_D7.0mm_W2.5mm_P5.00mm,0.1µF,tht,True
255.056,-30.48,0.0,top,C7,,C_Disc_D7.0mm_W2.5mm_P5.00mm,0.1µF,tht,True
185.928,-50.506,90.0,top,C8,,C_Disc_D7.0mm_W2.5mm_P5.00mm,0.1µF,tht,True
95.544,-64.77,0.0,top,C9,,C_Disc_D7.0mm_W2.5mm_P5.00mm,0.1µF,tht,True
213.36,-92.71,0.0,top,D25,,D_DO-15_P15.24mm_Horizontal,D,tht,True
232.41,-77.47,-90.0,top,D26,,D_DO-15_P15.24mm_Horizontal,D,tht,True
266.492,-66.954,-90.0,top,J1,,DSUB-9_Female_Horizontal_P2.77x2.84mm_EdgePinOffset7.70mm_Housed_MountingHolesOffset9.12mm,DE9_Plug,tht,True
254.604,-39.3115,180.0,top,J2,,BarrelJack_Horizontal,Jack-DC,tht,True
234.188,-36.83,-90.0,top,R25,,R_Axial_DIN0411_L9.9mm_D3.6mm_P15.24mm_Horizontal,1MΩ,tht,True
88.392,-46.228,0.0,top,R26,,R_Axial_DIN0411_L9.9mm_D3.6mm_P15.24mm_Horizontal,1kΩ,tht,True
88.392,-39.878,0.0,top,R27,,R_Axial_DIN0411_L9.9mm_D3.6mm_P15.24mm_Horizontal,1kΩ,tht,True
179.07,-104.474,0.0,top,RV1,,Potentiometer_Alps_RK163_Single_Horizontal,R_Potentiometer,tht,True
106.784,-35.342,0.0,top,SW1,,SW_PUSH_6mm_H7.3mm,SW_Push,tht,True
138.684,-48.006,0.0,top,U1,,DIP-28_W15.24mm,28C256,tht,True
166.624,-48.006,0.0,top,U2,,DIP-28_W15.24mm,HM62256BLP,tht,True
237.622,-56.403,0.0,top,U3,,DIP-16_W7.62mm,MAX232,tht,True
151.125,-94.224,90.0,top,U4,,DIP-14_W7.62mm,74HC00,tht,True
113.03,-44.196,0.0,top,U5,,DIP-40_W15.24mm,W65C02SxP,tht,True
190.5,-45.466,0.0,top,U6,,DIP-40_W15.24mm,W65C22NxP,tht,True
213.614,-48.006,0.0,top,U7,,DIP-28_W15.24mm,W65C51NxP,tht,True
227.58,-118.624,0.0,top,U8,,MODULE_LCD-16X2,LCD-16X2,tht,True
88.392,-59.436,0.0,top,X1,,Oscillator_DIP-14,1MHz,tht,True
239.776,-41.82,90.0,top,Y1,,Crystal_HC49-U_Vertical,1.8432MHz,tht,True
