﻿designator,quantity,value,pack,mpn,mount_type
C1,1,20pF,C_Disc_D7.0mm_W2.5mm_P5.00mm,,tht
"C2, C3, C4, C5",4,1µF,C_Disc_D7.0mm_W2.5mm_P5.00mm,,tht
"C6, C7, C8, C9",4,0.1µF,C_Disc_D7.0mm_W2.5mm_P5.00mm,,tht
"D25, D26",2,D,D_DO-15_P15.24mm_Horizontal,,tht
J1,1,DE9_Plug,DSUB-9_Female_Horizontal_P2.77x2.84mm_EdgePinOffset7.70mm_Housed_MountingHolesOffset9.12mm,,tht
J2,1,Jack-DC,BarrelJack_Horizontal,,tht
R25,1,1MΩ,R_Axial_DIN0411_L9.9mm_D3.6mm_P15.24mm_Horizontal,,tht
"R26, R27",2,1kΩ,R_Axial_DIN0411_L9.9mm_D3.6mm_P15.24mm_Horizontal,,tht
RV1,1,R_Potentiometer,Potentiometer_Alps_RK163_Single_Horizontal,,tht
SW1,1,SW_Push,SW_PUSH_6mm_H7.3mm,,tht
U1,1,28C256,DIP-28_W15.24mm,,tht
U2,1,HM62256BLP,DIP-28_W15.24mm,,tht
U3,1,MAX232,DIP-16_W7.62mm,,tht
U4,1,74HC00,DIP-14_W7.62mm,,tht
U5,1,W65C02SxP,DIP-40_W15.24mm,,tht
U6,1,W65C22NxP,DIP-40_W15.24mm,,tht
U7,1,W65C51NxP,DIP-28_W15.24mm,,tht
U8,1,LCD-16X2,MODULE_LCD-16X2,,tht
X1,1,1MHz,Oscillator_DIP-14,,tht
Y1,1,1.8432MHz,Crystal_HC49-U_Vertical,,tht
